{"count":1,"self":578.5058816,"total":613.8866512,"children":{"InitializeActuators":{"count":2707,"self":0.0940022,"total":0.0940022,"children":null},"InitializeSensors":{"count":2707,"self":0.0729747,"total":0.0729747,"children":null},"AgentSendState":{"count":28740,"self":1.4829086999999999,"total":2.5085452,"children":{"CollectObservations":{"count":53435,"self":0.4357909,"total":0.4357909,"children":null},"WriteActionMask":{"count":53435,"self":0.24989219999999998,"total":0.24989219999999998,"children":null},"RequestDecision":{"count":53435,"self":0.33995339999999996,"total":0.33995339999999996,"children":null}}},"DecideAction":{"count":28740,"self":21.2483984,"total":21.2483984,"children":null},"AgentAct":{"count":28740,"self":11.4557976,"total":11.4557977,"children":null}},"gauges":{"BearBehavior.CumulativeReward":{"count":2,"max":-0.0564,"min":-0.1139375,"runningAverage":-0.08516875,"value":-0.0564,"weightedAverage":-0.09955312},"DeerBehavior.CumulativeReward":{"count":26,"max":-0.0212580115,"min":-0.0468377955,"runningAverage":-0.030543996,"value":-0.0311399978,"weightedAverage":-0.0317896828},"RabbitBehavior.CumulativeReward":{"count":229,"max":0.280620247,"min":-1.36922276,"runningAverage":-0.741971433,"value":-1.139548,"weightedAverage":-0.989782453}},"metadata":{"timer_format_version":"0.1.0","start_time_seconds":"1616582293","unity_version":"2019.4.22f1","command_line_arguments":"C:\\Program Files\\Unity\\Hub\\Editor\\2019.4.22f1\\Editor\\Unity.exe -projectpath E:\/UnityProjects\/eco-sim -useHub -hubIPC -cloudEnvironment production -hubSessionId cddfa130-8c66-11eb-a3d4-91c582a0583a -accessToken m2Ck8UE5GumIdXXK7r5U5j3ieJaRTMm-Lbdzb9G06Xg005f","communication_protocol_version":"1.4.0","com.unity.ml-agents_version":"1.8.0-preview","scene_name":"AIWorldTest","end_time_seconds":"1616582907"}}