{"count":1,"self":5473.5847423999994,"total":7555.2344811999992,"children":{"InitializeActuators":{"count":35,"self":0.0019998,"total":0.0019998,"children":null},"InitializeSensors":{"count":35,"self":0.0010006,"total":0.0010006,"children":null},"AgentSendState":{"count":1445761,"self":21.2125776,"total":126.32787359999999,"children":{"CollectObservations":{"count":8588352,"self":40.4606656,"total":40.460664,"children":null},"WriteActionMask":{"count":8588352,"self":4.2510379999999994,"total":4.2510379999999994,"children":null},"RequestDecision":{"count":8588352,"self":13.248838399999999,"total":60.4035933,"children":{"AgentInfo.ToProto":{"count":8588352,"self":10.196807999999999,"total":47.1547549,"children":{"GenerateSensorData":{"count":8588352,"self":36.957945599999995,"total":36.9579472,"children":null}}}}}}},"DecideAction":{"count":1445761,"self":1841.7848319999998,"total":1841.784778,"children":null},"AgentAct":{"count":1445761,"self":112.2709888,"total":112.27098269999999,"children":null},"AgentInfo.ToProto":{"count":131902,"self":0.45510439999999996,"total":1.2622617999999999,"children":{"GenerateSensorData":{"count":131902,"self":0.80715739999999991,"total":0.80715739999999991,"children":null}}}},"gauges":{"Movement.CumulativeReward":{"count":131902,"max":4.332559,"min":-1.31173277,"runningAverage":1.66259158,"value":2.217264,"weightedAverage":2.13871431}},"metadata":{"timer_format_version":"0.1.0","start_time_seconds":"1618956132","unity_version":"2020.3.4f1","command_line_arguments":"C:\\Program Files\\Unity\\Hub\\Editor\\2020.3.4f1\\Editor\\Unity.exe -projectpath C:\/Users\/Alexa\/Documents\/GitHub\/eco-sim -useHub -hubIPC -cloudEnvironment production -hubSessionId 45d65ea0-a129-11eb-98f0-e14a1c5e85cd -accessToken -8j5DqHjkiZqn94RrZ3bV_Bl_B93fCEdSHGqjk4uEBo005f","communication_protocol_version":"1.4.0","com.unity.ml-agents_version":"1.8.0-preview","scene_name":"AnimalAIMovement","end_time_seconds":"1618963687"}}