{"count":1,"self":41.227984,"total":41.3190056,"children":{"InitializeActuators":{"count":1,"self":0.0020001999999999997,"total":0.0020001999999999997,"children":null},"InitializeSensors":{"count":1,"self":0.0010004999999999999,"total":0.0010004999999999999,"children":null},"AgentSendState":{"count":1759,"self":0.0170033,"total":0.038007099999999995,"children":{"CollectObservations":{"count":69,"self":0.0020003,"total":0.0020003,"children":null},"WriteActionMask":{"count":69,"self":0.0010011,"total":0.0010011,"children":null},"RequestDecision":{"count":69,"self":0.018002399999999998,"total":0.018002399999999998,"children":null}}},"DecideAction":{"count":1759,"self":0.044010299999999995,"total":0.044010299999999995,"children":null},"AgentAct":{"count":1759,"self":0.0060019999999999995,"total":0.0060019999999999995,"children":null}},"gauges":{},"metadata":{"timer_format_version":"0.1.0","start_time_seconds":"1615915283","unity_version":"2019.4.22f1","command_line_arguments":"C:\\Program Files\\Unity\\Hub\\Editor\\2019.4.22f1\\Editor\\Unity.exe -projectpath C:\/Users\/Alexa\/Documents\/GitHub\/eco-sim -useHub -hubIPC -cloudEnvironment production -hubSessionId 55c58270-8638-11eb-920b-1981543b433b -accessToken 3BZ8ZnxzvwFq5hNbReJxjZKtDbZCbisauKHKTNQIFmw005f","communication_protocol_version":"1.4.0","com.unity.ml-agents_version":"1.8.0-preview","scene_name":"AnimalAIMovement","end_time_seconds":"1615915324"}}