{"count":1,"self":119.2827904,"total":151.8229373,"children":{"InitializeActuators":{"count":322,"self":0.0149979,"total":0.0149979,"children":null},"InitializeSensors":{"count":322,"self":0.0069981999999999996,"total":0.0069981999999999996,"children":null},"AgentSendState":{"count":12801,"self":0.8739091,"total":3.0113404,"children":{"CollectObservations":{"count":40416,"self":0.43392939999999997,"total":0.43392939999999997,"children":null},"WriteActionMask":{"count":40416,"self":0.2029601,"total":0.2029601,"children":null},"RequestDecision":{"count":40416,"self":0.6158323,"total":1.5005418,"children":{"AgentInfo.ToProto":{"count":40416,"self":0.4758289,"total":0.88470949999999993,"children":{"GenerateSensorData":{"count":40416,"self":0.4088806,"total":0.4088806,"children":null}}}}}}},"DecideAction":{"count":12801,"self":22.2653312,"total":22.265331699999997,"children":null},"AgentAct":{"count":12801,"self":7.2264824,"total":7.2264820999999992,"children":null},"AgentInfo.ToProto":{"count":298,"self":0.0080004,"total":0.0129976,"children":{"GenerateSensorData":{"count":298,"self":0.0049971999999999994,"total":0.0049971999999999994,"children":null}}}},"gauges":{"RabbitBehavior.CumulativeReward":{"count":250,"max":14.5811329,"min":-0.386275,"runningAverage":4.21885157,"value":7.074473,"weightedAverage":4.00535154}},"metadata":{"timer_format_version":"0.1.0","start_time_seconds":"1616495388","unity_version":"2019.4.22f1","command_line_arguments":"C:\\Program Files\\Unity\\Hub\\Editor\\2019.4.22f1\\Editor\\Unity.exe -projectpath E:\/UnityProjects\/eco-sim -useHub -hubIPC -cloudEnvironment production -hubSessionId b1ac48c0-8b98-11eb-a9d3-897692ec1a83 -accessToken 1Ly3hscoCVOt2OjvKOW0WpYSW4jSFBj-EgK3LgG4Pgg005f","communication_protocol_version":"1.4.0","com.unity.ml-agents_version":"1.8.0-preview","scene_name":"AnimalAITest","end_time_seconds":"1616495540"}}