{"count":1,"self":57.504287999999995,"total":57.637566799999995,"children":{"InitializeActuators":{"count":1,"self":0.0020005,"total":0.0020005,"children":null},"InitializeSensors":{"count":1,"self":0.0010004999999999999,"total":0.0010004999999999999,"children":null},"AgentSendState":{"count":2533,"self":0.031014999999999997,"total":0.066029499999999991,"children":{"CollectObservations":{"count":100,"self":0.0010004999999999999,"total":0.0010004999999999999,"children":null},"WriteActionMask":{"count":100,"self":0.0010003,"total":0.0010003,"children":null},"RequestDecision":{"count":100,"self":0.0330137,"total":0.0330137,"children":null}}},"DecideAction":{"count":2533,"self":0.052244099999999995,"total":0.052244099999999995,"children":null},"AgentAct":{"count":2533,"self":0.0110052,"total":0.0110052,"children":null}},"gauges":{},"metadata":{"timer_format_version":"0.1.0","start_time_seconds":"1615928663","unity_version":"2019.4.22f1","command_line_arguments":"C:\\Program Files\\Unity\\Hub\\Editor\\2019.4.22f1\\Editor\\Unity.exe -projectpath C:\/Users\/Alexa\/Documents\/GitHub\/eco-sim -useHub -hubIPC -cloudEnvironment production -hubSessionId 55c58270-8638-11eb-920b-1981543b433b -accessToken 3BZ8ZnxzvwFq5hNbReJxjZKtDbZCbisauKHKTNQIFmw005f","communication_protocol_version":"1.4.0","com.unity.ml-agents_version":"1.8.0-preview","scene_name":"AnimalAIMovement","end_time_seconds":"1615928720"}}