{"count":1,"self":3833.2071935999998,"total":4891.0537716,"children":{"InitializeActuators":{"count":35,"self":0.0030006,"total":0.0030006,"children":null},"InitializeSensors":{"count":35,"self":0.0009998,"total":0.0009998,"children":null},"AgentSendState":{"count":714491,"self":11.504753599999999,"total":65.6836501,"children":{"CollectObservations":{"count":4361035,"self":24.05052,"total":24.0505204,"children":null},"WriteActionMask":{"count":4361035,"self":2.4176332,"total":2.4176332,"children":null},"RequestDecision":{"count":4361035,"self":6.8436984,"total":27.710742699999997,"children":{"AgentInfo.ToProto":{"count":4361035,"self":5.0162964,"total":20.8670446,"children":{"GenerateSensorData":{"count":4361035,"self":15.8507488,"total":15.8507483,"children":null}}}}}}},"DecideAction":{"count":714491,"self":932.4362752,"total":932.43631799999991,"children":null},"AgentAct":{"count":714491,"self":59.1243584,"total":59.124357599999996,"children":null},"AgentInfo.ToProto":{"count":62752,"self":0.21104309999999998,"total":0.597144,"children":{"GenerateSensorData":{"count":62752,"self":0.38610089999999997,"total":0.38610089999999997,"children":null}}}},"gauges":{"Movement.CumulativeReward":{"count":62752,"max":2.335751,"min":-1.29510748,"runningAverage":1.5469085,"value":2.042363,"weightedAverage":1.32755327}},"metadata":{"timer_format_version":"0.1.0","start_time_seconds":"1618836381","unity_version":"2020.3.4f1","command_line_arguments":"C:\\Program Files\\Unity\\Hub\\Editor\\2020.3.4f1\\Editor\\Unity.exe -projectpath C:\/Users\/Alexa\/Documents\/GitHub\/eco-sim -useHub -hubIPC -cloudEnvironment production -hubSessionId 0206de10-a0a3-11eb-b338-67622c95d2c7 -accessToken 68hGmsSZtNupWtNtXqon8Hn3kqziLkXdFmuM4UmL2Fw005f","communication_protocol_version":"1.4.0","com.unity.ml-agents_version":"1.8.0-preview","scene_name":"AnimalAIMovement","end_time_seconds":"1618841271"}}