{"count":1,"self":24.2038704,"total":24.2778328,"children":{"InitializeActuators":{"count":1,"self":0.0029992,"total":0.0029992,"children":null},"InitializeSensors":{"count":1,"self":0.00099969999999999985,"total":0.00099969999999999985,"children":null},"AgentSendState":{"count":959,"self":0.0129967,"total":0.0169955,"children":{"CollectObservations":{"count":29,"self":0.00099969999999999985,"total":0.00099969999999999985,"children":null},"WriteActionMask":{"count":29,"self":0.00099969999999999985,"total":0.00099969999999999985,"children":null},"RequestDecision":{"count":29,"self":0.0019993999999999997,"total":0.0019993999999999997,"children":null}}},"DecideAction":{"count":959,"self":0.0369785,"total":0.0369785,"children":null},"AgentAct":{"count":959,"self":0.0149906,"total":0.0149906,"children":null}},"gauges":{},"metadata":{"timer_format_version":"0.1.0","start_time_seconds":"1615274539","unity_version":"2019.4.21f1","command_line_arguments":"C:\\Program Files\\Unity\\Editor\\Unity.exe -projectpath E:\/UnityProjects\/eco-sim -useHub -hubIPC -cloudEnvironment production -hubSessionId 5e537280-809d-11eb-9369-4b7a5e25d9fb -accessToken O1aBp_g8aEPKhx-p_8g8LeAkGU1BXxvl765-lt0Gszc005f","communication_protocol_version":"1.3.0","com.unity.ml-agents_version":"1.7.2-preview","scene_name":"AnimalAITest","end_time_seconds":"1615274563"}}