{"count":1,"self":3458.2982656,"total":5162.1627064999993,"children":{"InitializeActuators":{"count":63,"self":0.0020004,"total":0.0020004,"children":null},"InitializeSensors":{"count":63,"self":0.0010003,"total":0.0010003,"children":null},"AgentSendState":{"count":310676,"self":8.2632719999999988,"total":48.678731,"children":{"CollectObservations":{"count":2317058,"self":15.3200992,"total":15.320099599999999,"children":null},"WriteActionMask":{"count":2317058,"self":1.6498258,"total":1.6498258,"children":null},"RequestDecision":{"count":2317058,"self":5.374206,"total":23.4455334,"children":{"AgentInfo.ToProto":{"count":2317058,"self":4.388274,"total":18.071327399999998,"children":{"GenerateSensorData":{"count":2317058,"self":13.683052799999999,"total":13.6830533,"children":null}}}}}}},"DecideAction":{"count":310676,"self":1605.5481344,"total":1605.5481691999998,"children":null},"AgentAct":{"count":310676,"self":48.746815999999995,"total":48.7468169,"children":null},"AgentInfo.ToProto":{"count":63432,"self":0.23204709999999998,"total":0.8866906,"children":{"GenerateSensorData":{"count":63432,"self":0.65464349999999993,"total":0.65464349999999993,"children":null}}}},"gauges":{"Movement.CumulativeReward":{"count":63432,"max":1.33559084,"min":-1.140877,"runningAverage":-0.9805464,"value":-0.9602103,"weightedAverage":-0.94897753}},"metadata":{"timer_format_version":"0.1.0","start_time_seconds":"1617883383","unity_version":"2020.3.2f1","command_line_arguments":"C:\\Program Files\\Unity\\Hub\\Editor\\2020.3.2f1\\Editor\\Unity.exe -projectpath C:\/Users\/Alexa\/Documents\/GitHub\/eco-sim -useHub -hubIPC -cloudEnvironment production -hubSessionId f6ff93e0-9837-11eb-87a7-d12212fd781d -accessToken VTnMuIlVTVDVCOMoaarlvlb3KdQkViOxCz3Q0uu66Vc005f","communication_protocol_version":"1.4.0","com.unity.ml-agents_version":"1.8.0-preview","scene_name":"AnimalAIMovement","end_time_seconds":"1617888545"}}