{"count":1,"self":10616.667340799999,"total":11362.1886069,"children":{"InitializeActuators":{"count":73971,"self":1.5786518999999999,"total":1.5786518999999999,"children":null},"InitializeSensors":{"count":73971,"self":1.2841863,"total":1.2841863,"children":null},"AgentInfo.ToProto":{"count":73950,"self":0.7548229,"total":1.2950389,"children":{"GenerateSensorData":{"count":73950,"self":0.540216,"total":0.540216,"children":null}}},"AgentSendState":{"count":468467,"self":7.9357808,"total":44.655428699999995,"children":{"CollectObservations":{"count":1108740,"self":19.4737136,"total":19.4737135,"children":null},"WriteActionMask":{"count":1108740,"self":2.8707225999999997,"total":2.8707225999999997,"children":null},"RequestDecision":{"count":1108740,"self":5.6686504,"total":14.3752122,"children":{"AgentInfo.ToProto":{"count":1108740,"self":4.1202444,"total":8.7065615999999988,"children":{"GenerateSensorData":{"count":1108740,"self":4.5863172,"total":4.5863172,"children":null}}}}}}},"DecideAction":{"count":468467,"self":549.4448128,"total":549.44481239999993,"children":null},"AgentAct":{"count":468467,"self":147.2620928,"total":147.262094,"children":null}},"gauges":{"RabbitBehavior.CumulativeReward":{"count":73929,"max":1.99227548,"min":-20.10229,"runningAverage":1.760757,"value":1.98545063,"weightedAverage":1.69068027}},"metadata":{"timer_format_version":"0.1.0","start_time_seconds":"1617089754","unity_version":"2020.3.1f1","command_line_arguments":"C:\\Program Files\\Unity\\Hub\\Editor\\2020.3.1f1\\Editor\\Unity.exe -projectpath E:\/UnityProjects\/eco-sim -useHub -hubIPC -cloudEnvironment production -hubSessionId bcf86bf0-9115-11eb-9933-cd8763f566e0 -accessToken CApNRevLhZILf9kSDjlwv2q8Xqhp3CT3pgYQUxwtaGw005f","communication_protocol_version":"1.4.0","com.unity.ml-agents_version":"1.8.0-preview","scene_name":"AnimalAITest","end_time_seconds":"1617101116"}}