{"count":1,"self":155.4359552,"total":230.8022288,"children":{"InitializeActuators":{"count":205,"self":0.0079975999999999988,"total":0.0079975999999999988,"children":null},"InitializeSensors":{"count":205,"self":0.012995999999999999,"total":0.012995999999999999,"children":null},"AgentSendState":{"count":230317,"self":2.5709888,"total":4.1505759,"children":{"CollectObservations":{"count":20424,"self":0.36589849999999996,"total":0.36589849999999996,"children":null},"WriteActionMask":{"count":20424,"self":0.131962,"total":0.131962,"children":null},"RequestDecision":{"count":20424,"self":0.50188389999999994,"total":1.0817267,"children":{"AgentInfo.ToProto":{"count":20424,"self":0.2979314,"total":0.5798428,"children":{"GenerateSensorData":{"count":20424,"self":0.2819114,"total":0.2819114,"children":null}}}}}}},"DecideAction":{"count":230317,"self":64.1899584,"total":64.189957499999991,"children":null},"AgentAct":{"count":230317,"self":6.997756,"total":6.997756,"children":null},"AgentInfo.ToProto":{"count":202,"self":0.0019990999999999997,"total":0.0049975,"children":{"GenerateSensorData":{"count":202,"self":0.0029984,"total":0.0029984,"children":null}}}},"gauges":{"RabbitBehavior.CumulativeReward":{"count":202,"max":545,"min":0,"runningAverage":101.287148,"value":260,"weightedAverage":134.182785}},"metadata":{"timer_format_version":"0.1.0","start_time_seconds":"1615456942","unity_version":"2019.4.22f1","command_line_arguments":"C:\\Program Files\\Unity\\Hub\\Editor\\2019.4.22f1\\Editor\\Unity.exe -projectpath E:\/UnityProjects\/eco-sim -useHub -hubIPC -cloudEnvironment production -hubSessionId f44098c0-822f-11eb-88c2-330c24a59a62 -accessToken 6XKExznARw_g4oCvPp7i2rqr0GBM3vwc5Bm7DQgNR0U005f","communication_protocol_version":"1.3.0","com.unity.ml-agents_version":"1.7.2-preview","scene_name":"AnimalAITest","end_time_seconds":"1615457173"}}