{"count":1,"self":58.843308799999996,"total":93.7357736,"children":{"InitializeActuators":{"count":572,"self":0.024995299999999998,"total":0.024995299999999998,"children":null},"InitializeSensors":{"count":572,"self":0.022990999999999998,"total":0.022990999999999998,"children":null},"AgentSendState":{"count":34951,"self":0.9034764999999999,"total":2.6744941,"children":{"CollectObservations":{"count":25598,"self":0.3588876,"total":0.3588876,"children":null},"WriteActionMask":{"count":25598,"self":0.13696519999999998,"total":0.13696519999999998,"children":null},"RequestDecision":{"count":25598,"self":0.5718398,"total":1.2751648,"children":{"AgentInfo.ToProto":{"count":25598,"self":0.33192679999999997,"total":0.703325,"children":{"GenerateSensorData":{"count":25598,"self":0.37139819999999996,"total":0.37139819999999996,"children":null}}}}}}},"DecideAction":{"count":34951,"self":25.7239728,"total":25.723972399999997,"children":null},"AgentAct":{"count":34951,"self":6.4350191999999993,"total":6.4350191999999993,"children":null},"AgentInfo.ToProto":{"count":400,"self":0.0049949999999999994,"total":0.0099957999999999991,"children":{"GenerateSensorData":{"count":400,"self":0.0050008,"total":0.0050008,"children":null}}}},"gauges":{"RabbitBehavior.CumulativeReward":{"count":1,"max":-43.3333321,"min":-43.3333321,"runningAverage":-43.3333321,"value":-43.3333321,"weightedAverage":-43.3333321}},"metadata":{"timer_format_version":"0.1.0","start_time_seconds":"1615198537","unity_version":"2019.4.21f1","command_line_arguments":"C:\\Program Files\\Unity\\Editor\\Unity.exe -projectpath E:\/UnityProjects\/eco-sim -useHub -hubIPC -cloudEnvironment production -hubSessionId 6e129d00-7fd4-11eb-8a21-95b9bcf7b745 -accessToken BBtLejR-qMwxovpRekRo12R7sNo99_qrYKJ_SdVhzmI005f","communication_protocol_version":"1.3.0","com.unity.ml-agents_version":"1.7.2-preview","scene_name":"AnimalAITest","end_time_seconds":"1615198631"}}