{"count":1,"self":42.956624,"total":61.2893048,"children":{"InitializeActuators":{"count":3,"self":0.0029988999999999997,"total":0.0029988999999999997,"children":null},"InitializeSensors":{"count":3,"self":0.00099859999999999988,"total":0.00099859999999999988,"children":null},"AgentSendState":{"count":50151,"self":0.60379779999999994,"total":0.98869699999999994,"children":{"CollectObservations":{"count":4433,"self":0.0779805,"total":0.0779805,"children":null},"WriteActionMask":{"count":4433,"self":0.0369901,"total":0.0369901,"children":null},"RequestDecision":{"count":4433,"self":0.1049783,"total":0.26992859999999996,"children":{"AgentInfo.ToProto":{"count":4433,"self":0.07697749999999999,"total":0.1649503,"children":{"GenerateSensorData":{"count":4433,"self":0.08797279999999999,"total":0.08797279999999999,"children":null}}}}}}},"DecideAction":{"count":50151,"self":15.693612799999999,"total":15.6936129,"children":null},"AgentAct":{"count":50151,"self":1.6393757,"total":1.6393757,"children":null},"AgentInfo.ToProto":{"count":79,"self":0.0029998,"total":0.0059993999999999994,"children":{"GenerateSensorData":{"count":79,"self":0.0029996,"total":0.0029996,"children":null}}}},"gauges":{"RabbitBehavior.CumulativeReward":{"count":79,"max":10.3333321,"min":-3.99999952,"runningAverage":-2.49367046,"value":-3.99999952,"weightedAverage":-2.29980421}},"metadata":{"timer_format_version":"0.1.0","start_time_seconds":"1615385062","unity_version":"2019.4.21f1","command_line_arguments":"C:\\Program Files\\Unity\\Editor\\Unity.exe -projectpath E:\/UnityProjects\/eco-sim -useHub -hubIPC -cloudEnvironment production -hubSessionId 20214c30-8197-11eb-8ddf-7b8ea8543266 -accessToken ltyfkpPa8v5wrczwVhM9C8u_MMZWg6T8DIdyHWnzw7s005f","communication_protocol_version":"1.3.0","com.unity.ml-agents_version":"1.7.2-preview","scene_name":"AnimalAITest","end_time_seconds":"1615385123"}}