{"count":1,"self":70.017696,"total":71.6292217,"children":{"InitializeActuators":{"count":44,"self":0.0059987,"total":0.0059987,"children":null},"InitializeSensors":{"count":44,"self":0.0010000999999999999,"total":0.0010000999999999999,"children":null},"AgentSendState":{"count":3183,"self":0.0769714,"total":0.1309668,"children":{"CollectObservations":{"count":1625,"self":0.014998299999999999,"total":0.014998299999999999,"children":null},"WriteActionMask":{"count":1625,"self":0.0060015999999999993,"total":0.0060015999999999993,"children":null},"RequestDecision":{"count":1625,"self":0.0329955,"total":0.0329955,"children":null}}},"DecideAction":{"count":3183,"self":1.1276073,"total":1.1276073,"children":null},"AgentAct":{"count":3183,"self":0.34495329999999996,"total":0.34495329999999996,"children":null}},"gauges":{"RabbitBehavior.CumulativeReward":{"count":3,"max":4.631205,"min":1.9967804,"runningAverage":3.1345377,"value":2.77562785,"weightedAverage":2.68544674}},"metadata":{"timer_format_version":"0.1.0","start_time_seconds":"1616144133","unity_version":"2019.4.22f1","command_line_arguments":"C:\\Program Files\\Unity\\Hub\\Editor\\2019.4.22f1\\Editor\\Unity.exe -projectpath E:\/UnityProjects\/eco-sim -useHub -hubIPC -cloudEnvironment production -hubSessionId 76e09e90-8877-11eb-8371-c397d91d2781 -accessToken EPUBl_E-VyykAHIXKr7eAvAGHUPDi7IgqrctQvLhlII005f","communication_protocol_version":"1.4.0","com.unity.ml-agents_version":"1.8.0-preview","scene_name":"AnimalAITest","end_time_seconds":"1616144205"}}