{"count":1,"self":30.8492224,"total":31.9632354,"children":{"InitializeActuators":{"count":31,"self":0.0029993999999999997,"total":0.0029993999999999997,"children":null},"InitializeSensors":{"count":31,"self":0.0019993,"total":0.0019993,"children":null},"AgentSendState":{"count":1341,"self":0.037068199999999996,"total":0.089064999999999991,"children":{"CollectObservations":{"count":1245,"self":0.0170026,"total":0.0170026,"children":null},"WriteActionMask":{"count":1245,"self":0.0050003,"total":0.0050003,"children":null},"RequestDecision":{"count":1245,"self":0.029993899999999997,"total":0.029993899999999997,"children":null}}},"DecideAction":{"count":1341,"self":0.6926996,"total":0.6926996,"children":null},"AgentAct":{"count":1341,"self":0.32625119999999996,"total":0.32625119999999996,"children":null}},"gauges":{"RabbitBehavior.CumulativeReward":{"count":1,"max":1.99910033,"min":1.99910033,"runningAverage":1.99910033,"value":1.99910033,"weightedAverage":1.99910033}},"metadata":{"timer_format_version":"0.1.0","start_time_seconds":"1615874159","unity_version":"2019.4.22f1","command_line_arguments":"C:\\Program Files\\Unity\\Hub\\Editor\\2019.4.22f1\\Editor\\Unity.exe -projectpath E:\/UnityProjects\/eco-sim -useHub -hubIPC -cloudEnvironment production -hubSessionId e9f8f210-861a-11eb-8c25-c72f75f7e9c7 -accessToken hL-htnTuUl0QraEuwvHSuRxlOKknrEuZ36sNUkS_UUk005f","communication_protocol_version":"1.4.0","com.unity.ml-agents_version":"1.8.0-preview","scene_name":"AnimalAITest","end_time_seconds":"1615874191"}}