{"count":1,"self":43.7767136,"total":44.076586,"children":{"InitializeActuators":{"count":5,"self":0.002999,"total":0.002999,"children":null},"InitializeSensors":{"count":5,"self":0.00099969999999999985,"total":0.00099969999999999985,"children":null},"AgentSendState":{"count":1947,"self":0.036978699999999996,"total":0.043976,"children":{"CollectObservations":{"count":249,"self":0.0019974,"total":0.0019974,"children":null},"WriteActionMask":{"count":249,"self":0.0010000999999999999,"total":0.0010000999999999999,"children":null},"RequestDecision":{"count":249,"self":0.0039997999999999995,"total":0.0039997999999999995,"children":null}}},"DecideAction":{"count":1947,"self":0.17291669999999998,"total":0.17291669999999998,"children":null},"AgentAct":{"count":1947,"self":0.077985199999999991,"total":0.077985199999999991,"children":null}},"gauges":{},"metadata":{"timer_format_version":"0.1.0","start_time_seconds":"1615389631","unity_version":"2019.4.21f1","command_line_arguments":"C:\\Program Files\\Unity\\Editor\\Unity.exe -projectpath E:\/UnityProjects\/eco-sim -useHub -hubIPC -cloudEnvironment production -hubSessionId 20214c30-8197-11eb-8ddf-7b8ea8543266 -accessToken ltyfkpPa8v5wrczwVhM9C8u_MMZWg6T8DIdyHWnzw7s005f","communication_protocol_version":"1.3.0","com.unity.ml-agents_version":"1.7.2-preview","scene_name":"AnimalAITest","end_time_seconds":"1615389675"}}