{"count":1,"self":8817.5058944,"total":22185.9485442,"children":{"InitializeActuators":{"count":20,"self":0.0030009,"total":0.0030009,"children":null},"InitializeSensors":{"count":20,"self":0.0010000999999999999,"total":0.0010000999999999999,"children":null},"AgentSendState":{"count":7673101,"self":133.6124544,"total":401.6236851,"children":{"CollectObservations":{"count":4549483,"self":58.2336896,"total":58.233686999999996,"children":null},"WriteActionMask":{"count":4549483,"self":21.5863568,"total":21.5863574,"children":null},"RequestDecision":{"count":4549483,"self":54.5296576,"total":188.1911816,"children":{"AgentInfo.ToProto":{"count":4549483,"self":47.6915232,"total":133.6615213,"children":{"GenerateSensorData":{"count":4549483,"self":85.96999679999999,"total":85.9699976,"children":null}}}}}}},"DecideAction":{"count":7673101,"self":10858.828595199999,"total":10858.8285695,"children":null},"AgentAct":{"count":7673101,"self":2105.6018432,"total":2105.601885,"children":null},"AgentInfo.ToProto":{"count":54357,"self":1.0292472,"total":2.3835808,"children":{"GenerateSensorData":{"count":54357,"self":1.3543336,"total":1.3543336,"children":null}}}},"gauges":{"Movement.CumulativeReward":{"count":54357,"max":3.91617537,"min":-0.6341668,"runningAverage":-0.3677109,"value":-0.6341668,"weightedAverage":-0.5349536}},"metadata":{"timer_format_version":"0.1.0","start_time_seconds":"1616477298","unity_version":"2019.4.22f1","command_line_arguments":"C:\\Program Files\\Unity\\Hub\\Editor\\2019.4.22f1\\Editor\\Unity.exe -projectpath C:\/Users\/Alexa\/Documents\/GitHub\/eco-sim -useHub -hubIPC -cloudEnvironment production -hubSessionId d046b870-8aed-11eb-a67f-47aeef0eaae7 -accessToken 34_qUrQhG_ea1OuON4zJb5_huIwuatH0XoH-CBn06Kg005f","communication_protocol_version":"1.4.0","com.unity.ml-agents_version":"1.8.0-preview","scene_name":"AnimalAIMovement","end_time_seconds":"1616499484"}}