{"count":1,"self":48.7176768,"total":50.2056329,"children":{"InitializeActuators":{"count":26,"self":0.0029982,"total":0.0029982,"children":null},"InitializeSensors":{"count":26,"self":0.0009998,"total":0.0009998,"children":null},"AgentSendState":{"count":2019,"self":0.055975,"total":0.11597769999999999,"children":{"CollectObservations":{"count":1817,"self":0.0249998,"total":0.0249998,"children":null},"WriteActionMask":{"count":1817,"self":0.0060028999999999994,"total":0.0060028999999999994,"children":null},"RequestDecision":{"count":1817,"self":0.028999999999999998,"total":0.028999999999999998,"children":null}}},"DecideAction":{"count":2019,"self":0.99243189999999992,"total":0.99243189999999992,"children":null},"AgentAct":{"count":2019,"self":0.37454909999999997,"total":0.37454909999999997,"children":null}},"gauges":{},"metadata":{"timer_format_version":"0.1.0","start_time_seconds":"1616170163","unity_version":"2019.4.22f1","command_line_arguments":"C:\\Program Files\\Unity\\Hub\\Editor\\2019.4.22f1\\Editor\\Unity.exe -projectpath E:\/UnityProjects\/eco-sim -useHub -hubIPC -cloudEnvironment production -hubSessionId 76e09e90-8877-11eb-8371-c397d91d2781 -accessToken SgqcSKSruvfohJJRs2eC-wTIjcgyYimWaEJo4HoPwxQ005f","communication_protocol_version":"1.4.0","com.unity.ml-agents_version":"1.8.0-preview","scene_name":"AnimalAITest","end_time_seconds":"1616170213"}}