{"count":1,"self":1930.0118527999998,"total":2339.7121672999997,"children":{"InitializeActuators":{"count":4708,"self":0.2029481,"total":0.2029481,"children":null},"InitializeSensors":{"count":4708,"self":0.1569708,"total":0.1569708,"children":null},"AgentInfo.ToProto":{"count":4687,"self":0.1589583,"total":0.27491899999999997,"children":{"GenerateSensorData":{"count":4687,"self":0.1159607,"total":0.1159607,"children":null}}},"AgentSendState":{"count":156259,"self":12.2193168,"total":139.6389352,"children":{"CollectObservations":{"count":389230,"self":11.7483528,"total":11.748352899999999,"children":null},"WriteActionMask":{"count":389230,"self":98.6895296,"total":98.6895302,"children":null},"RequestDecision":{"count":389230,"self":6.4632632,"total":16.9817349,"children":{"AgentInfo.ToProto":{"count":389230,"self":5.7500767999999995,"total":10.518471499999999,"children":{"GenerateSensorData":{"count":389230,"self":4.7683944,"total":4.7683944999999994,"children":null}}}}}}},"DecideAction":{"count":156259,"self":204.59948799999998,"total":204.59948369999998,"children":null},"AgentAct":{"count":156259,"self":64.822041599999991,"total":64.8250388,"children":{"AgentInfo.ToProto":{"count":40,"self":0.0009985,"total":0.001997,"children":{"GenerateSensorData":{"count":40,"self":0.0009985,"total":0.0009985,"children":null}}},"InitializeActuators":{"count":40,"self":0,"total":0,"children":null},"InitializeSensors":{"count":40,"self":0.0010000999999999999,"total":0.0010000999999999999,"children":null}}}},"gauges":{"RabbitBehavior.CumulativeReward":{"count":4706,"max":1.97550666,"min":-2.16756439,"runningAverage":1.549585,"value":1.81835556,"weightedAverage":1.82768428}},"metadata":{"timer_format_version":"0.1.0","start_time_seconds":"1616751693","unity_version":"2019.4.23f1","command_line_arguments":"C:\\Program Files\\Unity\\Hub\\Editor\\2019.4.23f1\\Editor\\Unity.exe -projectpath E:\/UnityProjects\/eco-sim -useHub -hubIPC -cloudEnvironment production -hubSessionId b1edb1d0-8df9-11eb-9dab-e9e16fdaa46c -accessToken x3b5O_uDzdv_SigyF2uqCd1FGLWxj0X7qPlYk1Yr7X4005f","communication_protocol_version":"1.4.0","com.unity.ml-agents_version":"1.8.0-preview","scene_name":"AnimalAITest","end_time_seconds":"1616754033"}}