{"count":1,"self":84.6376576,"total":176.8200996,"children":{"InitializeActuators":{"count":60,"self":0.0055049,"total":0.0055049,"children":null},"InitializeSensors":{"count":60,"self":0.00099969999999999985,"total":0.00099969999999999985,"children":null},"AgentSendState":{"count":37184,"self":1.0764957,"total":3.3989635999999996,"children":{"CollectObservations":{"count":33475,"self":0.4807801,"total":0.4807801,"children":null},"WriteActionMask":{"count":33475,"self":0.16812729999999998,"total":0.16812729999999998,"children":null},"RequestDecision":{"count":33475,"self":0.76820769999999994,"total":1.6735605,"children":{"AgentInfo.ToProto":{"count":33475,"self":0.5095275,"total":0.9053528,"children":{"GenerateSensorData":{"count":33475,"self":0.3958253,"total":0.3958253,"children":null}}}}}}},"DecideAction":{"count":37184,"self":50.4562688,"total":50.456267999999994,"children":null},"AgentAct":{"count":37184,"self":38.3167104,"total":38.3167104,"children":null},"AgentInfo.ToProto":{"count":55,"self":0.0019986,"total":0.0029987,"children":{"GenerateSensorData":{"count":55,"self":0.0010000999999999999,"total":0.0010000999999999999,"children":null}}}},"gauges":{"RabbitBehavior.CumulativeReward":{"count":11,"max":0.333332062,"min":0.333332062,"runningAverage":0.333332062,"value":0.333332062,"weightedAverage":0.333332062}},"metadata":{"timer_format_version":"0.1.0","start_time_seconds":"1615190802","unity_version":"2019.4.21f1","command_line_arguments":"C:\\Program Files\\Unity\\Editor\\Unity.exe -projectpath E:\/UnityProjects\/eco-sim -useHub -hubIPC -cloudEnvironment production -hubSessionId 6e129d00-7fd4-11eb-8a21-95b9bcf7b745 -accessToken BBtLejR-qMwxovpRekRo12R7sNo99_qrYKJ_SdVhzmI005f","communication_protocol_version":"1.3.0","com.unity.ml-agents_version":"1.7.2-preview","scene_name":"AnimalAITest","end_time_seconds":"1615190979"}}