{"count":1,"self":16.23444,"total":16.3944103,"children":{"InitializeActuators":{"count":3,"self":0.0019993,"total":0.0019993,"children":null},"InitializeSensors":{"count":3,"self":0.00099969999999999985,"total":0.00099969999999999985,"children":null},"AgentSendState":{"count":581,"self":0.009993199999999999,"total":0.0169963,"children":{"CollectObservations":{"count":69,"self":0.0040019999999999995,"total":0.0040019999999999995,"children":null},"WriteActionMask":{"count":69,"self":0.00099969999999999985,"total":0.00099969999999999985,"children":null},"RequestDecision":{"count":69,"self":0.0020014,"total":0.0020014,"children":null}}},"DecideAction":{"count":581,"self":0.1209745,"total":0.1229743,"children":{"InitializeActuators":{"count":24,"self":0.00099969999999999985,"total":0.00099969999999999985,"children":null},"InitializeSensors":{"count":24,"self":0.0010000999999999999,"total":0.0010000999999999999,"children":null}}},"AgentAct":{"count":581,"self":0.015001899999999999,"total":0.015001899999999999,"children":null}},"gauges":{"RabbitBehavior.CumulativeReward":{"count":24,"max":-9.959017,"min":-10,"runningAverage":-9.989302,"value":-9.985952,"weightedAverage":-9.991465}},"metadata":{"timer_format_version":"0.1.0","start_time_seconds":"1615444356","unity_version":"2019.4.22f1","command_line_arguments":"C:\\Program Files\\Unity\\Hub\\Editor\\2019.4.22f1\\Editor\\Unity.exe -projectpath E:\/UnityProjects\/eco-sim -useHub -hubIPC -cloudEnvironment production -hubSessionId f44098c0-822f-11eb-88c2-330c24a59a62 -accessToken 6XKExznARw_g4oCvPp7i2rqr0GBM3vwc5Bm7DQgNR0U005f","communication_protocol_version":"1.3.0","com.unity.ml-agents_version":"1.7.2-preview","scene_name":"AnimalAITest","end_time_seconds":"1615444372"}}