{"count":1,"self":32305.9744768,"total":43957.1011562,"children":{"InitializeActuators":{"count":35,"self":0.0009996,"total":0.0009996,"children":null},"InitializeSensors":{"count":35,"self":0.0010006,"total":0.0010006,"children":null},"AgentSendState":{"count":6683881,"self":121.8053376,"total":697.44633279999994,"children":{"CollectObservations":{"count":40001520,"self":231.3512448,"total":231.35125409999998,"children":null},"WriteActionMask":{"count":40001520,"self":24.8681536,"total":24.8681536,"children":null},"RequestDecision":{"count":40001520,"self":74.4465728,"total":319.4215812,"children":{"AgentInfo.ToProto":{"count":40001520,"self":57.031718399999995,"total":244.9750057,"children":{"GenerateSensorData":{"count":40001520,"self":187.943296,"total":187.9432903,"children":null}}}}}}},"DecideAction":{"count":6683881,"self":10245.300223999999,"total":10245.3002404,"children":null},"AgentAct":{"count":6683881,"self":702.5386496,"total":702.5386555,"children":null},"AgentInfo.ToProto":{"count":510202,"self":2.081013,"total":5.8368180999999995,"children":{"GenerateSensorData":{"count":510202,"self":3.7558051999999997,"total":3.7558051,"children":null}}}},"gauges":{"Movement.CumulativeReward":{"count":510202,"max":2.82056713,"min":-0.7934098,"runningAverage":1.36582518,"value":2.44249153,"weightedAverage":1.86444378}},"metadata":{"timer_format_version":"0.1.0","start_time_seconds":"1618508121","unity_version":"2020.3.2f1","command_line_arguments":"C:\\Program Files\\Unity\\Hub\\Editor\\2020.3.2f1\\Editor\\Unity.exe -projectpath C:\/Users\/Alexa\/Documents\/GitHub\/eco-sim -useHub -hubIPC -cloudEnvironment production -hubSessionId 7e78bcf0-9db7-11eb-9034-e1567a7a70ed -accessToken leBe1k6y_AFpehZUjWo5hRpi4ZQYKFf3RemErs9aHSg005f","communication_protocol_version":"1.4.0","com.unity.ml-agents_version":"1.8.0-preview","scene_name":"AnimalAIMovement","end_time_seconds":"1618552078"}}