{"count":1,"self":29996.551372799997,"total":42053.4687643,"children":{"InitializeActuators":{"count":35,"self":0.0020009999999999997,"total":0.0020009999999999997,"children":null},"InitializeSensors":{"count":35,"self":0.0010003,"total":0.0010003,"children":null},"AgentSendState":{"count":31734101,"self":141.93186559999998,"total":623.0318409,"children":{"CollectObservations":{"count":40002008,"self":177.4520192,"total":177.4520186,"children":null},"WriteActionMask":{"count":40002008,"self":23.2731472,"total":23.273147299999998,"children":null},"RequestDecision":{"count":40002008,"self":64.3254464,"total":280.3748101,"children":{"AgentInfo.ToProto":{"count":40002008,"self":53.818713599999995,"total":216.0493668,"children":{"GenerateSensorData":{"count":40002008,"self":162.23065599999998,"total":162.23065029999998,"children":null}}}}}}},"DecideAction":{"count":31734101,"self":10648.295014399999,"total":10648.2948282,"children":null},"AgentAct":{"count":31734101,"self":781.62764799999991,"total":781.62762939999993,"children":null},"AgentInfo.ToProto":{"count":333507,"self":1.4025717,"total":3.9580865,"children":{"GenerateSensorData":{"count":333507,"self":2.5555148,"total":2.5555148,"children":null}}}},"gauges":{"Movement.CumulativeReward":{"count":333507,"max":4.46599,"min":-1.729887,"runningAverage":1.2346586,"value":2.26178932,"weightedAverage":1.6958493}},"metadata":{"timer_format_version":"0.1.0","start_time_seconds":"1620264463","unity_version":"2020.3.5f1","command_line_arguments":"C:\\Program Files\\Unity\\Hub\\Editor\\2020.3.5f1\\Editor\\Unity.exe -projectpath C:\/Users\/Alexa\/Documents\/GitHub\/eco-sim -useHub -hubIPC -cloudEnvironment production -hubSessionId ea3863a0-ab8b-11eb-a331-5dd69c014f14 -accessToken V1gUCAGeFd-d0vcjGMu4xjtLpsFIlRSdGPEKKFs8W4Y005f","communication_protocol_version":"1.4.0","com.unity.ml-agents_version":"1.8.0-preview","scene_name":"AnimalAIMovement","end_time_seconds":"1620306516"}}