{"count":1,"self":32750.3904768,"total":43862.253828199995,"children":{"InitializeActuators":{"count":35,"self":0.0010003,"total":0.0010003,"children":null},"InitializeSensors":{"count":35,"self":0.0010004,"total":0.0010004,"children":null},"AgentSendState":{"count":6451501,"self":119.97388799999999,"total":695.9747456,"children":{"CollectObservations":{"count":40002170,"self":238.23093759999998,"total":238.2309271,"children":null},"WriteActionMask":{"count":40002170,"self":24.7441024,"total":24.7441018,"children":null},"RequestDecision":{"count":40002170,"self":72.087097599999993,"total":313.02583469999996,"children":{"AgentInfo.ToProto":{"count":40002170,"self":55.5125696,"total":240.9387377,"children":{"GenerateSensorData":{"count":40002170,"self":185.4261632,"total":185.42616579999998,"children":null}}}}}}},"DecideAction":{"count":6451501,"self":9728.107315199999,"total":9728.1069952999987,"children":null},"AgentAct":{"count":6451501,"self":681.0780672,"total":681.07804779999992,"children":null},"AgentInfo.ToProto":{"count":597871,"self":2.381474,"total":6.7004348,"children":{"GenerateSensorData":{"count":597871,"self":4.3189608,"total":4.3189607,"children":null}}}},"gauges":{"Movement.CumulativeReward":{"count":597871,"max":2.02723742,"min":-1.50358248,"runningAverage":1.15145636,"value":1.9067167,"weightedAverage":1.52998984}},"metadata":{"timer_format_version":"0.1.0","start_time_seconds":"1618619099","unity_version":"2020.3.4f1","command_line_arguments":"C:\\Program Files\\Unity\\Hub\\Editor\\2020.3.4f1\\Editor\\Unity.exe -projectpath C:\/Users\/Alexa\/Documents\/GitHub\/eco-sim -useHub -hubIPC -cloudEnvironment production -hubSessionId 7e78bcf0-9db7-11eb-9034-e1567a7a70ed -accessToken K17DliJC_wh0jkfnJ1Q-WvrXevzMLKbYvD9_Eeq3_2w005f","communication_protocol_version":"1.4.0","com.unity.ml-agents_version":"1.8.0-preview","scene_name":"AnimalAIMovement","end_time_seconds":"1618662961"}}