{"count":1,"self":435.2915456,"total":653.23504589999993,"children":{"InitializeActuators":{"count":828,"self":0.0229936,"total":0.0229936,"children":null},"InitializeSensors":{"count":828,"self":0.0199842,"total":0.0199842,"children":null},"AgentSendState":{"count":655151,"self":7.2818983999999993,"total":12.2996426,"children":{"CollectObservations":{"count":67562,"self":1.0027825,"total":1.0027825,"children":null},"WriteActionMask":{"count":67562,"self":0.41591079999999997,"total":0.41591079999999997,"children":null},"RequestDecision":{"count":67562,"self":1.7365312,"total":3.5990507,"children":{"AgentInfo.ToProto":{"count":67562,"self":0.92174289999999992,"total":1.8625193999999998,"children":{"GenerateSensorData":{"count":67562,"self":0.9407764999999999,"total":0.9407764999999999,"children":null}}}}}}},"DecideAction":{"count":655151,"self":183.4069888,"total":183.4069886,"children":null},"AgentAct":{"count":655151,"self":22.1648688,"total":22.1648684,"children":null},"AgentInfo.ToProto":{"count":823,"self":0.0169995,"total":0.026998099999999997,"children":{"GenerateSensorData":{"count":823,"self":0.0099986,"total":0.0099986,"children":null}}}},"gauges":{"RabbitBehavior.CumulativeReward":{"count":823,"max":880,"min":0,"runningAverage":91.652504,"value":45,"weightedAverage":116.160049}},"metadata":{"timer_format_version":"0.1.0","start_time_seconds":"1615455447","unity_version":"2019.4.22f1","command_line_arguments":"C:\\Program Files\\Unity\\Hub\\Editor\\2019.4.22f1\\Editor\\Unity.exe -projectpath E:\/UnityProjects\/eco-sim -useHub -hubIPC -cloudEnvironment production -hubSessionId f44098c0-822f-11eb-88c2-330c24a59a62 -accessToken 6XKExznARw_g4oCvPp7i2rqr0GBM3vwc5Bm7DQgNR0U005f","communication_protocol_version":"1.3.0","com.unity.ml-agents_version":"1.7.2-preview","scene_name":"AnimalAITest","end_time_seconds":"1615456100"}}