{"count":1,"self":16980.7331328,"total":25774.7729108,"children":{"InitializeActuators":{"count":35,"self":0.0020006,"total":0.0020006,"children":null},"InitializeSensors":{"count":35,"self":0.0010002,"total":0.0010002,"children":null},"AgentSendState":{"count":25861651,"self":102.07744,"total":442.53457249999997,"children":{"CollectObservations":{"count":34340288,"self":120.09512959999999,"total":120.095136,"children":null},"WriteActionMask":{"count":34340288,"self":16.3606416,"total":16.3606422,"children":null},"RequestDecision":{"count":34340288,"self":45.152211199999996,"total":204.00135709999998,"children":{"AgentInfo.ToProto":{"count":34340288,"self":37.2165824,"total":158.8491458,"children":{"GenerateSensorData":{"count":34340288,"self":121.63256319999999,"total":121.6325638,"children":null}}}}}}},"DecideAction":{"count":25861651,"self":7737.503744,"total":7737.5039776999993,"children":null},"AgentAct":{"count":25861651,"self":611.0846464,"total":611.08466049999993,"children":null},"AgentInfo.ToProto":{"count":283846,"self":1.0343544,"total":2.9125167,"children":{"GenerateSensorData":{"count":283846,"self":1.8781624,"total":1.8781622999999998,"children":null}}}},"gauges":{"Movement.CumulativeReward":{"count":283846,"max":4.38538742,"min":-1.63317871,"runningAverage":1.309206,"value":2.15916872,"weightedAverage":1.33462787}},"metadata":{"timer_format_version":"0.1.0","start_time_seconds":"1620176105","unity_version":"2020.3.5f1","command_line_arguments":"C:\\Program Files\\Unity\\Hub\\Editor\\2020.3.5f1\\Editor\\Unity.exe -projectpath C:\/Users\/Alexa\/Documents\/GitHub\/eco-sim -useHub -hubIPC -cloudEnvironment production -hubSessionId ea3863a0-ab8b-11eb-a331-5dd69c014f14 -accessToken h41WxKlWKAhyukcSY7pPc8iQ03_vf2fpzeoSY6TiI-Q005f","communication_protocol_version":"1.4.0","com.unity.ml-agents_version":"1.8.0-preview","scene_name":"AnimalAIMovement","end_time_seconds":"1620201880"}}