{"count":1,"self":85.792396799999992,"total":86.7784874,"children":{"InitializeActuators":{"count":20,"self":0.0029990999999999998,"total":0.0029990999999999998,"children":null},"InitializeSensors":{"count":20,"self":0.0029995,"total":0.0029995,"children":null},"AgentSendState":{"count":4076,"self":0.070006,"total":0.0999936,"children":{"CollectObservations":{"count":1136,"self":0.013984499999999999,"total":0.013984499999999999,"children":null},"WriteActionMask":{"count":1136,"self":0.0070000999999999996,"total":0.0070000999999999996,"children":null},"RequestDecision":{"count":1136,"self":0.0090029999999999989,"total":0.0090029999999999989,"children":null}}},"DecideAction":{"count":4076,"self":0.6281956,"total":0.6281956,"children":null},"AgentAct":{"count":4076,"self":0.2508998,"total":0.2508998,"children":null}},"gauges":{"RabbitBehavior.CumulativeReward":{"count":1,"max":-42.4987335,"min":-42.4987335,"runningAverage":-42.4987335,"value":-42.4987335,"weightedAverage":-42.4987335}},"metadata":{"timer_format_version":"0.1.0","start_time_seconds":"1615198056","unity_version":"2019.4.21f1","command_line_arguments":"C:\\Program Files\\Unity\\Editor\\Unity.exe -projectpath E:\/UnityProjects\/eco-sim -useHub -hubIPC -cloudEnvironment production -hubSessionId 6e129d00-7fd4-11eb-8a21-95b9bcf7b745 -accessToken BBtLejR-qMwxovpRekRo12R7sNo99_qrYKJ_SdVhzmI005f","communication_protocol_version":"1.3.0","com.unity.ml-agents_version":"1.7.2-preview","scene_name":"AnimalAITest","end_time_seconds":"1615198142"}}