{"count":1,"self":135.147456,"total":149.0329831,"children":{"InitializeActuators":{"count":875,"self":0.015004199999999999,"total":0.015004199999999999,"children":null},"InitializeSensors":{"count":875,"self":0.0085057999999999991,"total":0.0085057999999999991,"children":null},"AgentSendState":{"count":25373,"self":0.21403129999999998,"total":0.82492029999999994,"children":{"CollectObservations":{"count":60290,"self":0.5308702,"total":0.5308702,"children":null},"WriteActionMask":{"count":60290,"self":0.0300012,"total":0.0300012,"children":null},"RequestDecision":{"count":60290,"self":0.050017599999999995,"total":0.050017599999999995,"children":null}}},"DecideAction":{"count":25373,"self":8.5190311999999988,"total":8.5190311999999988,"children":null},"AgentAct":{"count":25373,"self":4.5180716,"total":4.5180715,"children":null}},"gauges":{"Movement.CumulativeReward":{"count":660,"max":2.45337963,"min":-0.87812537,"runningAverage":-0.06707601,"value":-0.0565835834,"weightedAverage":-0.137365341}},"metadata":{"timer_format_version":"0.1.0","start_time_seconds":"1618578358","unity_version":"2020.3.4f1","command_line_arguments":"C:\\Program Files\\Unity\\Hub\\Editor\\2020.3.4f1\\Editor\\Unity.exe -projectpath C:\/Users\/Alexa\/Documents\/GitHub\/eco-sim -useHub -hubIPC -cloudEnvironment production -skipUpgradeDialogs -hubSessionId 7e78bcf0-9db7-11eb-9034-e1567a7a70ed -accessToken XDvUOIzFjdKBACaBfalPGybLX2CFLHDAIrdToc3UPYM005f","communication_protocol_version":"1.4.0","com.unity.ml-agents_version":"1.8.0-preview","scene_name":"Main","end_time_seconds":"1618578507"}}