{"count":1,"self":106.754464,"total":107.8672898,"children":{"InitializeActuators":{"count":4,"self":0.002999,"total":0.002999,"children":null},"InitializeSensors":{"count":4,"self":0.00099969999999999985,"total":0.00099969999999999985,"children":null},"AgentSendState":{"count":5095,"self":0.0779454,"total":0.12096109999999999,"children":{"CollectObservations":{"count":583,"self":0.0159961,"total":0.0159961,"children":null},"WriteActionMask":{"count":583,"self":0.0030296999999999998,"total":0.0030296999999999998,"children":null},"RequestDecision":{"count":583,"self":0.023989899999999998,"total":0.023989899999999998,"children":null}}},"DecideAction":{"count":5095,"self":0.83697979999999994,"total":0.83697979999999994,"children":null},"AgentAct":{"count":5095,"self":0.1488914,"total":0.1488914,"children":null}},"gauges":{},"metadata":{"timer_format_version":"0.1.0","start_time_seconds":"1617016443","unity_version":"2019.4.23f1","command_line_arguments":"C:\\Program Files\\Unity\\Hub\\Editor\\2019.4.23f1\\Editor\\Unity.exe -projectpath E:\/UnityProjects\/eco-sim -useHub -hubIPC -cloudEnvironment production -hubSessionId a2af16f0-904c-11eb-9d76-ef8434196139 -accessToken rtfDGCMUfgF1OVnHDa2nShnJ1d585zh2kRsZJpCgWXs005f","communication_protocol_version":"1.4.0","com.unity.ml-agents_version":"1.8.0-preview","scene_name":"ParticleTesting","end_time_seconds":"1617016551"}}