{"count":1,"self":53.7365056,"total":74.2383047,"children":{"InitializeActuators":{"count":489,"self":0.011003299999999999,"total":0.011003299999999999,"children":null},"InitializeSensors":{"count":489,"self":0.0040011,"total":0.0040011,"children":null},"AgentSendState":{"count":13233,"self":0.7761817,"total":1.7023865999999999,"children":{"CollectObservations":{"count":92971,"self":0.5191086,"total":0.5191086,"children":null},"WriteActionMask":{"count":92971,"self":0.19504929999999998,"total":0.19504929999999998,"children":null},"RequestDecision":{"count":92971,"self":0.21204699999999999,"total":0.21204699999999999,"children":null}}},"DecideAction":{"count":13233,"self":17.7280432,"total":17.7280425,"children":null},"AgentAct":{"count":13233,"self":1.0553656999999999,"total":1.0553656999999999,"children":null}},"gauges":{},"metadata":{"timer_format_version":"0.1.0","start_time_seconds":"1619380942","unity_version":"2020.3.4f1","command_line_arguments":"C:\\Program Files\\Unity\\Hub\\Editor\\2020.3.4f1\\Editor\\Unity.exe -projectpath C:\/Users\/Alexa\/Documents\/GitHub\/eco-sim -useHub -hubIPC -cloudEnvironment production -hubSessionId 38517d20-a5aa-11eb-a3d8-5bb19b011b1b -accessToken B7AqTNt8Ew7oFe_vto8C05efVyV1q4I5rh8RyR-Ug_c005f","communication_protocol_version":"1.4.0","com.unity.ml-agents_version":"1.8.0-preview","scene_name":"Simulation","end_time_seconds":"1619381016"}}