{"count":1,"self":96.5207616,"total":98.6703502,"children":{"InitializeActuators":{"count":330,"self":0.0050317,"total":0.0050317,"children":null},"InitializeSensors":{"count":330,"self":0.0020001999999999997,"total":0.0020001999999999997,"children":null},"AgentSendState":{"count":4658,"self":0.0520092,"total":0.11102279999999999,"children":{"CollectObservations":{"count":13174,"self":0.034005299999999995,"total":0.034005299999999995,"children":null},"WriteActionMask":{"count":13174,"self":0.013005099999999999,"total":0.013005099999999999,"children":null},"RequestDecision":{"count":13174,"self":0.012003199999999999,"total":0.012003199999999999,"children":null}}},"DecideAction":{"count":4658,"self":1.9705207999999999,"total":1.9705207,"children":null},"AgentAct":{"count":4658,"self":0.0600107,"total":0.0600107,"children":null}},"gauges":{},"metadata":{"timer_format_version":"0.1.0","start_time_seconds":"1619014206","unity_version":"2020.3.4f1","command_line_arguments":"C:\\Program Files\\Unity\\Hub\\Editor\\2020.3.4f1\\Editor\\Unity.exe -projectpath C:\/Users\/Alexa\/Documents\/GitHub\/eco-sim -useHub -hubIPC -cloudEnvironment production -hubSessionId 47c5ae60-a290-11eb-a086-55525791d40f -accessToken 7EHD01nr2cf5IlNhrFX6KEYSLaVyiW_-_H2gKjkjtSQ005f","communication_protocol_version":"1.4.0","com.unity.ml-agents_version":"1.8.0-preview","scene_name":"Simulation","end_time_seconds":"1619014305"}}